Model,MAPE (%),RMSE (W m^-1 K^-1),Bias (%),MaxAE (%),w95(AR)
GSA,3.4977343895806,0.09952700124000316,-1.5098338183156044,8.578699666702336,0.11733288429899671
SCA,3.532550896882047,0.10028249792901169,-1.5104621184992864,8.63015605569206,0.1351758727380787
BRUGGEMAN,8.886571883078425,0.24157651262083796,7.670735963064563,53.78773008610538,
