model,n,AR_min,AR_mean,AR_median,AR_max,AR_p2.5,AR_p97.5,w95(AR)
GSA,33,0.02397019273512207,0.09732484864407834,0.0785681403797011,0.48253332841927715,0.04608300987751511,0.27468383997994594,0.22860083010243082
SCA,33,0.026170328691515234,0.11528114098968345,0.10088840359696151,0.49814266845920463,0.04922000376705891,0.29552932744329163,0.24630932367623273
