Model,MAPE (%),RMSE (W m^-1 K^-1),Bias (%),MaxAE (%),w95(AR)
GSA,3.3774066088457064,0.1201450626848463,-2.796697379219327,10.895034918413735,0.13764492188761207
SCA,3.422292762044188,0.12123818891157827,-2.656038716212926,10.994266849729922,0.21095449293108132
BRUGGEMAN,9.627071252816803,0.2550883215356676,8.172002836047348,54.81164578728831,
