model,state,n,MAPE (%),RMSE (W m^-1 K^-1),Bias (%),MaxAE (%)
GSA,dry,32,0.30771277434717303,0.028408364108595,0.30770715235772433,5.723086108307863
GSA,oil,32,5.022648683803604,0.13884619327399128,-4.983870271537443,11.094965672628406
GSA,brine_avg,32,4.276619826784182,0.1349015059081114,-4.215508202467048,9.285504233286968
SCA,dry,32,0.3082841793514198,0.028460701050038187,0.3082771234062011,5.733601078609627
SCA,oil,32,5.081447916334067,0.1402375852335823,-5.044432205595746,11.19040846154465
SCA,brine_avg,32,4.325678137539425,0.13633482596756655,-4.271330700988173,9.372703496519826
BRUGGEMAN,dry,32,18.072727591487755,0.378818005376106,18.072727591487755,53.78773008610538
BRUGGEMAN,oil,32,6.271271855741267,0.15993771715490956,6.212621832751158,20.3210905244394
BRUGGEMAN,brine_avg,32,2.315716202006248,0.07742402588526598,-1.2731415350452273,6.9187721426355875
