model,n,AR_min,AR_mean,AR_median,AR_max,AR_p2.5,AR_p97.5,w95(AR)
GSA,32,0.023970192735121982,0.08528709168216574,0.07759725848132093,0.22272146787011346,0.045391984341815246,0.21956055882529393,0.1741685744834787
SCA,32,0.026170328691515234,0.10331671825626093,0.09943921080260062,0.24487599218931363,0.04849970142094817,0.23863246835466329,0.1901327669337151
