model,state,n,MAPE (%),RMSE (W m^-1 K^-1),Bias (%),MaxAE (%)
GSA,dry,33,0.5655360655043429,0.04583288742948363,0.5655306138781744,8.815957672417486
GSA,oil,33,4.870448782461905,0.13672630710327974,-4.832845473597748,11.094965672628406
GSA,brine_avg,33,4.30861254323064,0.13542606878207195,-4.2493527863170515,9.285504233286968
SCA,dry,33,0.5661042924672047,0.04586563444230999,0.5660974503385079,8.816347912172322
SCA,oil,33,4.927465003277339,0.13809642766195349,-4.89157098074321,11.19040846154465
SCA,brine_avg,33,4.35619834584421,0.13681129058353536,-4.303497801309662,9.372703496519826
BRUGGEMAN,dry,33,17.79437606272393,0.37482521794264095,17.79437606272393,53.78773008610538
BRUGGEMAN,oil,33,6.08285788806541,0.15749596296678917,6.0259851384992436,20.3210905244394
BRUGGEMAN,brine_avg,33,2.4065350832585257,0.08062879638570661,-1.3955535880235972,6.9187721426355875
