Model,MAPE (%),RMSE (W m^-1 K^-1),Bias (%),MaxAE (%),w95(AR)
GSA,3.2023270949783202,0.11296565382788001,-2.9638904405489224,11.094965672628406,0.1741685744834787
SCA,3.238470077741638,0.11411073070781227,-3.0024952610592393,11.19040846154465,0.1901327669337151
BRUGGEMAN,8.886571883078425,0.24157651262083796,7.670735963064563,53.78773008610538,
